{
    "rmse": 0.6440995733525743,
    "mae": 0.5060577192579118,
    "r2": 0.3281550438980272
}