{
    "rmse": 0.6781603726913145,
    "mae": 0.5379585700630248,
    "r2": 0.3180582872348421
}